shortlist,list,company
GUAIFENESIN,GUAIFENESIN,A
ACICLO,ACICLOVIR,A
CMBP,ACTIVATED CHARCOAL+MAGNESIUM+BELLADONNA+PEPERMINT OIL,A
ADAPA,ADAPALENE,A
AES,AESCIN,A
ALBEN,ALBENDAZOLE,A
ALLO,ALLOPURINOL,A
ALMG,ALUMINIUM HYDROXIDE+MAGNESIUM HYDROXIDE,A
ALOHMASI,ALUMINIUM+MAGNESIUM OH+SIMETHICONE,A
AMSD,ALUMINIUM+MAGNESIUM OH+SIMETHICONE+DICYCLOMINE HCL,A
AMBR,AMBROXOL,A
AMITRIP,AMITRIPTYLINE,A
AMLO,AMLODIPINE,A
AMOXCLA,AMOX+CLAVU,A
AMOX,AMOXICILLINE,A
AMPI,AMPICILLIN,A
ANTAZTETRA,ANTAZOLINE+TETRAHYDROZOLINE,A
VIT C,ASCORBIC ACID,A
ASA,ASPIRIN,A
ATENO,ATENOLOL,A
ATORVA,ATORVASTATIN,A
ATROP,ATROPINE,A
AZLE,AZELAIC ACID,A
AZITH,AZITHROMYCIN,A
BP,BENZOYL PEROXIDE,A
BEN,BENZYDAMINE HCL,A
BETAH,BETAHISTINE,A
BETA,BETAMETHASONE,A
BETA-G,BETAMETHASONE + GENTAMYCIN,A
BETA-N,BETAMETHASONE + NEOMYCIN,A
BETA-SA,BETAMETHASONE + SALICYLIC ACID,A
BETGENTONCLI,BETAMETHASONE+GENTAMYCIN+TONAFTATE+CLIOQUINOL,A
BETA-T,BETAMETHASONE+TOLNAFTATE+IODOCHLORHYDROX,A
MYCOS,BIFONAZOLE,A
BIL,BILASTIN,A
BIO,BIOTIN,A
BISA,BISACODYL,A
BISMUTH,BISMUTH SUBSALICYLATE,A
CONCOR,BISOPROLOL,A
BROMH,BROMHEXINE,A
BROMGLY,BROMHEXINE + GUAIFENESIN,A
BPMP,BROMPHENIRAMINE+PHENYLPROPANILAMINE,A
BUDE,BUDESONIDE,A
CAZ,CALAMINE+ZINC OXIDE+GLYCERINE,A
CALCCAR,CALCIUM CARBONATE,A
CAL+D,CALCIUM+VITAMIN D,A
CAMP,CAMPHOR,A
CAPS,CAPSAICIN,A
CARAM,CARAMINE+ZINE OXIDE+DIPHENHYDRAMINE+CAMPHOR+MENTHOL+ETHYL ALCOHOL,A
CARBAR,CARBARIL,A
CARBOCY,CARBOCYSTEINE,A
CARBOXYM,CARBOXYMETHYLCELLULOSE Na,A
CRAM,CARMINATIVE+ANTIFLATULENCE,A
CARVE,CARVEDIOL,A
CEFA,CEFALEXIN,A
CELEC,CELECOXIB,A
CEFDI,CERDINIR,A
CETIR,CETIRIZINE,A
CHLORAM,CHLORAMPHENICOL,A
CHLORH,CHLORHEXIDINE,A
CPMPSEUD,CHLORPHEN+PSEUDOEPHEDRINE+DEXTRO,A
CPM,CHLORPHENIRAMINE,A
CPMAM,CHLORPHENIRRAMINE+AMMONIUM CL+SO.CITRATE,A
CIMET,CIMETIDINE,A
CINNA,CINNARIZINE,A
CIPRO,CIPROFLOXACIN,A
CLINDA,CLINDAMYCIN,A
CLOBETAS,CLOBETASONE,A
CLOPID,CLOPIDOGREL,A
CLOTRI,CLOTRIMAZOLE,A
CLOTR-B,CLOTRIMAZOLE+BETAMETHASONE,A
COEN,COENZYME Q 10,A
COLCHI,COLCHICINE,A
COLL,COLLAGEN,A
CPM+P,CPM+PHENYLPROPANILAMINE,A
CYPROH,CYPROHEPTADINE,A
CYPRO,CYPROTERONE ACETATE+ETHINYLESTRADIOL,A
DEQ,DEQUALINIUM CHLORIDE,A
DESLOR,DESLORATADINE,A
DESO,DESOGESTREL,A
DESETHI,DESOGESTREL+ETHINYLESTRADIOL,A
DESOXI,DESOXIMETHASONE,A
DEXA-N,DEXAMETHASONE + NEOMYCIN,A
DEXP,DEXPANTHENOL,A
DEXCHLOR,DEXTROMETHOPHAN+CHLORPHENIRAMINE+TERPIN,A
DEXT,DEXTROSE ANHYDROUS,A
DICLOF,DICLOFENAC,A
DICLOK,DICLOFENAC POTASSIUM,A
DICLOXA,DICLOXACILLIN,A
DIMETH,DICYCLOMINE+SIMETHICONE,A
DILTI,DILTIAZEM,A
DIMEN,DIMENHYDRINATE,A
DIMETHI,DIMETHINDENE,A
DS,DIOCTAHEDRAL SMECTITE,A
DIOS,DIOSMINE+HESPERIDINE,A
DIPH,DIPHENIDOL HCL,A
D-NORETH,D-NORGESTREL+ETHINYLESTRADIOL,A
DOCU,DOCUSATE SODIUM,A
DOMPER,DOMPERIDONE,A
DOXA,DOXAZOSIN,A
DOXY,DOXYCYCLINE,A
DOXYL,DOXYLAMINE,A
YASMIN,DROSPIRENENONE+ETHINYL ESTRADIOL,A
ENALA,ENALAPRIL,A
CARFER,ERGOTAMINE TARTATE + CAFFEINE,A
ESNORG,ESTRADIOL+NORGESTREL,A
EA,ETHYL ALCOHOL,A
ETO,ETORICOXIB,A
EUCA,EUCALYPTUS,A
FAMO,FAMOTIDINE,A
FELO,FELODIPINE,A
FENOF,FENOFIBRATE,A
FEFU,FERROUS FUMALATE,A
FEXOFEN,FEXOFENADINE,A
PROS,FINASTERIDE,A
FLAVOX,FLAVOXATE,A
FLUCO,FLUCONAZOLE,A
FLUNA,FLUNARIZINE,A
FLULI,FLUOCORTOLONE PIVALATE+ LIDOCAINE HCl,A
FLUORO,FLUOROMETHOLONE,A
FOLIC,FOLIC ACID,A
FUCID,FUCIDIC ACID,A
FUROSE,FUROSEMIDE,A
GABA,GABAPENTIN,A
GARLIC,GARLIC EXTRACT,A
GEMFI,GEMFIBROZIL,A
GESETHI,GESTODENE+ETHINYL ESTRADIOL,A
GINKGO,GINGKO-BILOBA,A
GLIBEN,GLIBENCAMIDE,A
GLICA,GLICAZIDE,A
GLIPI,GLIPIZIDE,A
GLUCOSA,GLUCOSAMINE,A
GLUC,GLUCOSE,A
GLYCER,GLYCERINE,A
GLYABS,GLYCYRRHIZINE SICCUM+ALUMINIUM+BISMUSMUTH+SODIUM SULPHATE,A
HYDRA,HYDRALAZINE,A
HYDROCOR,HYDROCORTISONE,A
HYP,HYDROXYALKYLPHOSPHONATE+POLOXAMINE,A
HCELL,HYDROXYPROPYLMETHYLCELLULOSE,A
HYDOXYZ,HYDROXYZINE,A
HYOS,HYOSCINE,A
HYPRO,HYPROMELLOSE,A
IBU,IBUPROFEN,A
INDO,INDOMETHACIN,A
IPRAFENO,IPRATROPIUM BROMIDE+FENOTEROL HYDROBROMIDE,A
ISO-F,ISOCONAZOLE + FLUCORTOLONE,A
ISOSORB,ISOSORBIDE DINITRATE,A
ISMO,ISOSORBIDE MONONITRATE,A
ISPA,ISPAGHULA HUSK,A
ITRA,ITRACONAZOLE,A
IVER,IVERMECTIN,A
KANA,KANAMYCIN,A
KETO,KETOCONAZOLE,A
KETOPRO,KETOPROFEN,A
LACTU,LACTULOSE,A
LECITHIN,LECITHIN,A
LEVOC,LEVOCETIRIZINE,A
LEVO,LEVODROPROPIZINE,A
LEVOFLOX,LEVOFLOXACIN,A
LEVON,LEVONORGESTREL,A
LEVOETHI,LEVONORGESTREL+ETHINYLOESTRADIOL,A
EUTHYROX,LEVOTHYROXINE SODIUM,A
LIDOC,LIDOCAINE,A
LOPER,LOPERAMIDE,A
LORATA,LORATADINE,A
COZAAR,LOSATAN K,A
LOXO,LOXOPROFEN,A
LYNES,LYNESTRENOL,A
LYS,LYSOZYME HCL,A
MAG,MAGNESIUM HYDROXIDE,A
MANID,MANIDIPINE,A
MEBEN,MEBENDAZOLE,A
MEBEV,MEBEVERINE HYDROCHLORIDE,A
MECOBAL,MECOBALAMIN,A
MC,MEDICINAL CHARCOAL,A
MEDROXY,MEDROXYPROGESTERONE,A
MEFEN,MEFENAMIC ACID,A
MELOX,MELOXICAM,A
MENTHOL,MENTHOL,A
MERB,MERBROMIN,A
METF,METFORMIN,A
METHI,METHIMAZOLE,A
METHYLSA,METHYL SALICYLATE+MENTHOL+EUGENOL,A
ALDOMET,METHYLDOPA,A
METOPRO,METOPROLOL,A
METRO,METRONIDAZOLE,A
MICO-TA,MICONAZOLE + TRIAMCINOLONE,A
MINOX,MINOXIDIL,A
MOMET,MOMETASONE FUROATE,A
MONT,MONTELUKAST,A
HIRUDOID,MUCOPOLYSACCHARIDE POLYSULFATE,A
MULTIVIT,MULTIVITAMINS & MINERALS,A
BACTRO,MUPIROCIN,A
NAPHAPH,NAPHAZOLINE + PHENIRAMINE,A
NAPROSO,NAPROXEN SODIUM,A
NEO,NEOMYCIN,A
SERMION,NICERGOLINE,A
NICLOP,NICLOSAMIDE + PHENOPHTHALINE,A
NIFUROXA,NIFUROXAZIDE,A
NORETHIS,NORETHISTERONE+MESTRANOL,A
NORFLOX,NORFLOXACIN,A
NORGESTREL,NORGESTREL+ETHINYLESTRADIOL,A
NYST,NYSTATIN,A
NYNEGRATA,NYSTATIN+NEOMYCIN+GRAMICIDIN+TRIAMCINOLONE,A
OFLOX,OFLOXACIN,A
OLOPA,OLOPATADINE HCL,A
OMEP,OMEPRAZOLE,A
OXYMET,OXYMETAZOLINE,A
OXYTETPOLY,OXYTETRACYCLINE+POLYMYCIN,A
PANCRE,PANCREATIN,A
PCM,PARACETAMOL,A
NORGE,PARACETAMOL + ORPHENADRINE,A
PCP,PARACETAMOL+CPM+PHENYLEPHRINE HCL,A
PARA+IBU,PARACETAMOL+IBUPROFEN,A
PENV,PENICILLIN,A
PHENY,PHENYLEPHRINE,A
PILO,PILOCARPINE,A
ROWACHOL,PINENE+CAMPHENE+CINEOL+MENTHOL+MENTHONE+,A
CATALIN,PIRENOXINE,A
PIROX,PIROXICAM,A
POLYNEO,POLYMYCIN+NEOMYCIN+GRAMICIDIN,A
POVIDONE,POVIDONE-IODIDE,A
PREDNI,PREDNICARBATE,A
PRED,PREDNISOLONE,A
PROCA,PROCATEROL,A
PROT,PROCTASE,A
PROPA,PROPANOLOL,A
REB,REBAMIPIDE,A
ROXITHRO,ROXITHROMYCIN,A
SALBU,SALBUTAMOL,A
SALI,SALICYLIC ACID,A
SALM,SALOL + MENTHOL,A
SELEN,SELENIUM SULPHIDE,A
SENNO,SENNOSIDE A & B,A
SILYM,SILYMARIN,A
SIMETH,SIMETHICONE,A
Simvastatin,Simvastatin,A
CYPROTE,CYPROTERONE ACETATE,A
,Dextromethorphan Hydrobromide,A
CH+ET,CHLORMADIONE ACETATE+EE,A
PREG,PREGABALIN,A
ITO,ITOPRIDE HYDROCHLORIDE,A
NEFI,NEFIDIPINE ,A
NIFI,NIFIDIPINE,A
DEXTRO,DEXTROMETHORPH+GUAIFENESIN+TERPIN HYDRATE,A
BUTA,BUTAMIRATE CITRATE,A
HYDROXIDE,HYDROXIDE,A
GUAIFENESIN,GUAIFENESIN,A
GENTAMICIN ,GENTAMICIN SULFATE,A
ACYCLO,ACYCLOVIR,A
DEXTROMETH,DEXTROMETHORPHAN+BROMHEXINE HCL,A
PIOGLITA,PIOGLITAZONE HCL,A
MACROGOL,MACROGOL+SACCHARIN SODIUM,A
SODIUM,SODIUM CHLORIDE,A
DISULFIRAM,DISULFIRAM,A
SILVER SUL,SILVER SULFADIAZINE,A
DEXTRO,DEXTROMETHORPHAN HBr+GLYCERYL GUAIACOLATE+PHENYLEPHRINE HCL,A
Trama,TRAMADOL HYDROCHLORIDE,A
DORZ,DORZOLAMIDE HYDROCHLORIDE AND TIMOLOL MALEATE,A
TIMO,Timolol,A
,GUAIFENESIN,1000
,ACICLOVIR,1000
,ACTIVATED CHARCOAL+MAGNESIUM+BELLADONNA+PEPERMINT OIL,1000
,ADAPALENE,1000
,AESCIN,1000
,ALBENDAZOLE,1000
,ALLOPURINOL,1000
,ALUMINIUM HYDROXIDE+MAGNESIUM HYDROXIDE,1000
,ALUMINIUM+MAGNESIUM OH+SIMETHICONE,1000
,ALUMINIUM+MAGNESIUM OH+SIMETHICONE+DICYCLOMINE HCL,1000
,AMBROXOL,1000
,AMITRIPTYLINE,1000
,AMLODIPINE,1000
,AMOX+CLAVU,1000
,AMOXICILLINE,1000
,AMPICILLIN,1000
,ANTAZOLINE+TETRAHYDROZOLINE,1000
,ASCORBIC ACID,1000
,ASPIRIN,1000
,ATENOLOL,1000
,ATORVASTATIN,1000
,ATROPINE,1000
,AZELAIC ACID,1000
,AZITHROMYCIN,1000
,BENZOYL PEROXIDE,1000
,BENZYDAMINE HCL,1000
,BETAHISTINE,1000
,BETAMETHASONE,1000
,BETAMETHASONE + GENTAMYCIN,1000
,BETAMETHASONE + NEOMYCIN,1000
,BETAMETHASONE + SALICYLIC ACID,1000
,BETAMETHASONE+GENTAMYCIN+TONAFTATE+CLIOQUINOL,1000
,BETAMETHASONE+TOLNAFTATE+IODOCHLORHYDROX,1000
,BIFONAZOLE,1000
,BILASTIN,1000
,BIOTIN,1000
,BISACODYL,1000
,BISMUTH SUBSALICYLATE,1000
,BISOPROLOL,1000
,BROMHEXINE,1000
,BROMHEXINE + GUAIFENESIN,1000
,BROMPHENIRAMINE+PHENYLPROPANILAMINE,1000
,BUDESONIDE,1000
,CALAMINE+ZINC OXIDE+GLYCERINE,1000
,CALCIUM CARBONATE,1000
,CALCIUM+VITAMIN D,1000
,CAMPHOR,1000
,CAPSAICIN,1000
,CARAMINE+ZINE OXIDE+DIPHENHYDRAMINE+CAMPHOR+MENTHOL+ETHYL ALCOHOL,1000
,CARBARIL,1000
,CARBOCYSTEINE,1000
,CARBOXYMETHYLCELLULOSE Na,1000
,CARMINATIVE+ANTIFLATULENCE,1000
,CARVEDIOL,1000
,CEFALEXIN,1000
,CELECOXIB,1000
,CERDINIR,1000
,CETIRIZINE,1000
,CHLORAMPHENICOL,1000
,CHLORHEXIDINE,1000
,CHLORPHEN+PSEUDOEPHEDRINE+DEXTRO,1000
,CHLORPHENIRAMINE,1000
,CHLORPHENIRRAMINE+AMMONIUM CL+SO.CITRATE,1000
,CIMETIDINE,1000
,CINNARIZINE,1000
,CIPROFLOXACIN,1000
,CLINDAMYCIN,1000
,CLOBETASONE,1000
,CLOPIDOGREL,1000
,CLOTRIMAZOLE,1000
,CLOTRIMAZOLE+BETAMETHASONE,1000
,COLCHICINE,1000
,COLLAGEN,1000
,CPM+PHENYLPROPANILAMINE,1000
,CYPROHEPTADINE,1000
,CYPROTERONE ACETATE+ETHINYLESTRADIOL,1000
,DEQUALINIUM CHLORIDE,1000
,DESLORATADINE,1000
,DESOGESTREL,1000
,DESOGESTREL+ETHINYLESTRADIOL,1000
,DESOXIMETHASONE,1000
,DEXAMETHASONE + NEOMYCIN,1000
,DEXPANTHENOL,1000
,DEXTROMETHOPHAN+CHLORPHENIRAMINE+TERPIN,1000
,DEXTROSE ANHYDROUS,1000
,DICLOFENAC,1000
,DICLOFENAC POTASSIUM,1000
,DICLOXACILLIN,1000
,DICYCLOMINE+SIMETHICONE,1000
,DILTIAZEM,1000
,DIMENHYDRINATE,1000
,DIMETHINDENE,1000
,DIOCTAHEDRAL SMECTITE,1000
,DIOSMINE+HESPERIDINE,1000
,DIPHENIDOL HCL,1000
,D-NORGESTREL+ETHINYLESTRADIOL,1000
,DOCUSATE SODIUM,1000
,DOMPERIDONE,1000
,DOXAZOSIN,1000
,DOXYCYCLINE,1000
,DOXYLAMINE,1000
,DROSPIRENENONE+ETHINYL ESTRADIOL,1000
,ENALAPRIL,1000
,ERGOTAMINE TARTATE + CAFFEINE,1000
,ESTRADIOL+NORGESTREL,1000
,ETHYL ALCOHOL,1000
,ETORICOXIB,1000
,EUCALYPTUS,1000
,FAMOTIDINE,1000
,FELODIPINE,1000
,FENOFIBRATE,1000
,FERROUS FUMALATE,1000
,FEXOFENADINE,1000
,FINASTERIDE,1000
,FLAVOXATE,1000
,FLUCONAZOLE,1000
,FLUNARIZINE,1000
,FLUOCORTOLONE PIVALATE+ LIDOCAINE HCl,1000
,FLUOROMETHOLONE,1000
,FOLIC ACID,1000
,FUCIDIC ACID,1000
,FUROSEMIDE,1000
,GABAPENTIN,1000
,GARLIC EXTRACT,1000
,GEMFIBROZIL,1000
,GESTODENE+ETHINYL ESTRADIOL,1000
,GINGKO-BILOBA,1000
,GLIBENCAMIDE,1000
,GLICAZIDE,1000
,GLUCOSAMINE,1000
,GLUCOSE,1000
,GLYCERINE,1000
,GLYCYRRHIZINE SICCUM+ALUMINIUM+BISMUSMUTH+SODIUM SULPHATE,1000
,HYDRALAZINE,1000
,HYDROCORTISONE,1000
,HYDROXYALKYLPHOSPHONATE+POLOXAMINE,1000
,HYDROXYPROPYLMETHYLCELLULOSE,1000
,HYDROXYZINE,1000
,HYOSCINE,1000
,HYPROMELLOSE,1000
,IBUPROFEN,1000
,INDOMETHACIN,1000
,IPRATROPIUM BROMIDE+FENOTEROL HYDROBROMIDE,1000
,ISOCONAZOLE + FLUCORTOLONE,1000
,ISOSORBIDE DINITRATE,1000
,ISOSORBIDE MONONITRATE,1000
,ISPAGHULA HUSK,1000
,ITRACONAZOLE,1000
,IVERMECTIN,1000
,KANAMYCIN,1000
,KETOCONAZOLE,1000
,KETOPROFEN,1000
,LACTULOSE,1000
,LECITHIN,1000
,LEVOCETIRIZINE,1000
,LEVODROPROPIZINE,1000
,LEVOFLOXACIN,1000
,LEVONORGESTREL,1000
,LEVONORGESTREL+ETHINYLOESTRADIOL,1000
,LEVOTHYROXINE SODIUM,1000
,LIDOCAINE,1000
,LOPERAMIDE,1000
,LORATADINE,1000
,LOSATAN K,1000
,LOXOPROFEN,1000
,LYNESTRENOL,1000
,LYSOZYME HCL,1000
,MAGNESIUM HYDROXIDE,1000
,MANIDIPINE,1000
,MEBENDAZOLE,1000
,MEBEVERINE HYDROCHLORIDE,1000
,MECOBALAMIN,1000
,MEDICINAL CHARCOAL,1000
,MEDROXYPROGESTERONE,1000
,MEFENAMIC ACID,1000
,MELOXICAM,1000
,MENTHOL,1000
,MERBROMIN,1000
,METFORMIN,1000
,METHIMAZOLE,1000
,METHYL SALICYLATE+MENTHOL+EUGENOL,1000
,METHYLDOPA,1000
,METOPROLOL,1000
,METRONIDAZOLE,1000
,MICONAZOLE + TRIAMCINOLONE,1000
,MINOXIDIL,1000
,MOMETASONE FUROATE,1000
,MONTELUKAST,1000
,MUCOPOLYSACCHARIDE POLYSULFATE,1000
,MULTIVITAMINS & MINERALS,1000
,MUPIROCIN,1000
,NAPHAZOLINE + PHENIRAMINE,1000
,NAPROXEN SODIUM,1000
,NEOMYCIN,1000
,NICERGOLINE,1000
,NICLOSAMIDE + PHENOPHTHALINE,1000
,NIFUROXAZIDE,1000
,NORETHISTERONE+MESTRANOL,1000
,NORFLOXACIN,1000
,NORGESTREL+ETHINYLESTRADIOL,1000
,NYSTATIN,1000
,NYSTATIN+NEOMYCIN+GRAMICIDIN+TRIAMCINOLONE,1000
,OFLOXACIN,1000
,OLOPATADINE HCL,1000
,OMEPRAZOLE,1000
,OXYMETAZOLINE,1000
,OXYTETRACYCLINE+POLYMYCIN,1000
,PANCREATIN,1000
,PARACETAMOL,1000
,PARACETAMOL + ORPHENADRINE,1000
,PARACETAMOL+CPM+PHENYLEPHRINE HCL,1000
,PARACETAMOL+IBUPROFEN,1000
,PENICILLIN,1000
,PHENYLEPHRINE,1000
,PILOCARPINE,1000
,PINENE+CAMPHENE+CINEOL+MENTHOL+MENTHONE+,1000
,PIRENOXINE,1000
,PIROXICAM,1000
,POLYMYCIN+NEOMYCIN+GRAMICIDIN,1000
,POVIDONE-IODIDE,1000
,PREDNICARBATE,1000
,PREDNISOLONE,1000
,PROCATEROL,1000
,PROCTASE,1000
,PROPANOLOL,1000
,REBAMIPIDE,1000
,ROXITHROMYCIN,1000
,SALBUTAMOL,1000
,SALICYLIC ACID,1000
,SALOL + MENTHOL,1000
,SELENIUM SULPHIDE,1000
,SENNOSIDE A & B,1000
,SILYMARIN,1000
,SIMETHICONE,1000
,Simvastatin,1000
,CYPROTERONE ACETATE,1000
,Dextromethorphan Hydrobromide,1000
,CHLORMADIONE ACETATE+EE,1000
,PREGABALIN,1000
,ITOPRIDE HYDROCHLORIDE,1000
,NEFIDIPINE ,1000
,NIFIDIPINE,1000
,DEXTROMETHORPH+GUAIFENESIN+TERPIN HYDRATE,1000
,BUTAMIRATE CITRATE,1000
,HYDROXIDE,1000
,GUAIFENESIN,1000
,GENTAMICIN SULFATE,1000
,ACYCLOVIR,1000
,DEXTROMETHORPHAN+BROMHEXINE HCL,1000
,PIOGLITAZONE HCL,1000
,MACROGOL+SACCHARIN SODIUM,1000
,SODIUM CHLORIDE,1000
,DISULFIRAM,1000
,SILVER SULFADIAZINE,1000
,DEXTROMETHORPHAN HBr+GLYCERYL GUAIACOLATE+PHENYLEPHRINE HCL,1000
,TRAMADOL HYDROCHLORIDE,1000
,DORZOLAMIDE HYDROCHLORIDE AND TIMOLOL MALEATE,1000
,Timolol,1000
