list,company,list_eng,list_km,list_lo,list_my,list_zh
แก้ปวด ลดอักเสบ,A,"Relieves pain, reduces inflammation",បំបាត់ការឈឺចាប់ កាត់បន្ថយការរលាក,"ບັນເທົາຄວາມເຈັບປວດ, ຫລຸດຜ່ອນການອັກເສບ",နာကျင်မှုကို သက်သာစေပြီး ရောင်ရမ်းမှုကို လျော့နည်းစေ,缓解疼痛，减少炎症
แก้ปวดฟัน,A,Relieve toothache,បំបាត់ការឈឺធ្មេញ,ບັນເທົາຄວາມເຈັບປວດແຂ້ວ,သွားကိုက်ခြင်းကို သက်သာစေ,缓解牙痛
แก้ปวดไมเกรน,A,Migraine pain relief,ការបំបាត់ការឈឺចាប់ migraine,ການບັນເທົາຄວາມເຈັບປວດ migraine,အာရုံကြော နာကျင် မှု သက်သာ စေ ခြင်း,偏头痛缓解
แก้ปวด คลายกล้ามเนื้อ,A,"Relieve pain, relax muscles.",បំបាត់ការឈឺចាប់ បន្ធូរសាច់ដុំ។,"ບັນເທົາຄວາມເຈັບປວດ, ຜ່ອນຄາຍກ້າມເນື້ອ.",နာကျင်မှုကို သက်သာစေပြီး ကြွက်သားများကို ဖြေလျှော့ပေးပါ။,缓解疼痛，放松肌肉。
บำรุงกระดูก,A,Bone Support,ការគាំទ្រឆ្អឹង,ການສະຫນັບສະຫນູນກະດູກ,အရိုးထောက်ပံ့မှု,骨骼支持
รักษาข้อกระดูกเสื่อม,A,Treatment of osteoarthritis,ការព្យាបាលជំងឺរលាកសន្លាក់ឆ្អឹង,ການປິ່ນປົວພະຍາດ osteoarthritis,ရိုးဆက်ရောင်ရမ်းနာကုသမှု,骨关节炎的治疗
รักษากรดไหลย้อน,A,Treatment of acid reflux,ការព្យាបាលការច្រាលទឹកអាស៊ីត,ການປິ່ນປົວພະຍາດໄຫຼຄືນຈາກກົດຄືນ,အက်ဆစ်ပြန်စီးခြင်းကို ကုသခြင်း,胃酸反流的治疗
ลดกรดในกระเพาะอาหาร,A,Reduces stomach acid.,កាត់បន្ថយអាស៊ីតក្រពះ។,ລົດຄວາມກົດດັນໃນທ້ອງ.,အစာအိမ်အက်ဆစ်ကို လျှော့ချပေးသည်။,减少胃酸。
บรรเทาอาการ จุกเสียด อาหารไม่ย่อย,A,Relieves colic symptoms Indigestion,បំបាត់រោគសញ្ញា colic ការមិនរំលាយអាហារ,ບັນເທົາອາການໂຄລິກ ອາຫານບໍ່ກິນ,ဝမ်းဗိုက်ရောဂါလက္ခဏာများကို သက်သာစေ အစာမချေခြင်း,缓解肠绞痛症状消化不良
ช่วยย่อยอาหาร,A,Helps digestion,ជួយរំលាយអាហារ,ຊ່ວຍການຍ່ອຍອາຫານ,အစာခြေကို ထောက်ကူ,有助于消化
รักษากระเพาะอาหารอักเสบ,A,Treatment of gastritis,ការព្យាបាលជំងឺរលាកក្រពះ,ການປິ່ນປົວພະຍາດອັກເສບ,အစာအိမ်ရောင်ရောဂါ ကုသမှု,胃炎治疗
รักษาแผลในกระเพาะอาหาร,A,Treatment of stomach ulcers,ការព្យាបាលដំបៅក្រពះ,ການປິ່ນປົວພະຍາດແຜໃນທ້ອງ,အစာအိမ်အနာကုသမှု,胃溃疡治疗
รักษาโรคกระเพาะ,A,Treatment of gastritis,ការព្យាបាលជំងឺរលាកក្រពះ,ການປິ່ນປົວພະຍາດອັກເສບ,အစာအိမ်ရောင်ရောဂါ ကုသမှု,胃炎治疗
แก้ปวดเกร็งท้อง,A,Relieve abdominal cramps,បំបាត់ការរមួលក្រពះ,ບັນເທົາຄວາມເຈັບປວດໃນທ້ອງ,ဝမ်းဗိုက်ကြောခြင်းကို သက်သာစေပါ,缓解腹部痉挛
ยาหยุดถ่าย,A,The drug stopped taking,ថ្នាំឈប់ទទួលទាន,ຢາ ເສບ ຕິດ ໄດ້ ຢຸດ ໃຊ້,ဆေးဝါး သည် ရပ်တန့် ခဲ့ သည်,药物停止起效了
ปรับสมดุลลำไส้,A,balancing the intestines;,តុល្យភាពពោះវៀន;,ຄວາມ ສົມ ດຸນ ຂອງ ໄຂ່;,အူကို ဟန်ချက်ညီစေခြင်း;,肠道平衡;
เพิ่มจุลินทรีย์ในลำไส้,A,Increases the intestinal microflora.,បង្កើន microflora ពោះវៀន។,ເພີ່ມຈຸລິນຊີໃນลําไส้.,အူလမ်းကြောင်း အဏုဇီဝပိုးမွှားများကို တိုးများစေသည်။,增加肠道微生物群。
รักษาริดสีดวงทวาร,A,Hemorrhoids treatment,ការព្យាបាលជំងឺរលាកសួត,ການປິ່ນປົວພະຍາດໄຂ້ຫວັດ,သွေးကြောရောဂါ ကုသမှု,痔疮治疗
ลดภาวะเลือดออกจากริดสีดวงทวาร,A,Reduces hemorrhoidal bleeding,កាត់បន្ថយការហូរឈាមតាមជំងឺគ្រុនឈាម,ລົດເລືອດຕົກ,သွေးကြောသွေးထွက်ခြင်းကို လျော့နည်းစေသည်,减少痔疮出血
แก้ท้องผูก,A,Constipation Relief,ការបំបាត់ការទល់លាមក,ບັນເທົາອາການແພ້,ဝမ်းချုပ်သက်သာစေခြင်း,便秘缓解
ยาถ่ายพยาธิ,A,anthelmintic drugs;,ថ្នាំ anthelmintic;,ຢາແກ້ພະຍາດ;,ပိုးသတ်ဆေးများ;,驱虫药;
โรคข้อเข่าเสื่อม อาการปวดเข่า,A,"Osteoarthritis, knee pain.","ជំងឺរលាកសន្លាក់ឆ្អឹង, ឈឺជង្គង់។","Osteoarthritis, ຫົວເຂົ່າເຈັບ.",ရိုးဆက်ရောင်ရမ်းနာ၊ ဒူးနာကျင်ခြင်း။,骨关节炎，膝盖疼痛。
ลดปวด ลดอักเสบ,A,Reduce pain and inflammation,កាត់បន្ថយការឈឺចាប់និងការរលាក,ຫລຸດຜ່ອນຄວາມເຈັບປວດ ແລະ ການອັກເສບ,နာကျင်မှုနှင့် ရောင်ရမ်းမှုကို လျော့နည်းစေပါ,减轻疼痛和炎症
รักษาไทรอยด์,A,Thyroid treatment,ការព្យាបាលក្រពេញទីរ៉ូអ៊ីត,ການປິ່ນປົວ Thyroid,သိုင်းရွိုက်ကုသမှု,甲状腺治疗
แก้ไอแห้ง,A,Dry cough,ក្អកស្ងួត,ອາການໄອແຫ້ງ,ချောင်းခြောက်ဆိုးခြင်း,干咳
ลดน้ำมูก  ลดอาการแพ้ผื่นคัน,A,"Reduce nasal discharge, reduce allergic reactions and itching rashes.",កាត់បន្ថយការហូរច្រមុះ កាត់បន្ថយប្រតិកម្មអាឡែហ្ស៊ី និងកន្ទួលរមាស់។,"ຫລຸດຜ່ອນນໍ້າໄຫຼອອກຈາກດັງ, ຫລຸດຜ່ອນອາການແພ້ ແລະ ຜິວຫນັງ.",နှာခေါင်းရည်ကို လျှော့ချပြီး ဓာတ်မတည့်ခြင်းနှင့် ယားယားအဖုများကို လျှော့ချပါ။,减少鼻涕，减少过敏反应和瘙痒性皮疹。
ละลายเสมหะ บรรเทาอาการไอ,A,"dissolves phlegm, relieves cough;","រំលាយ phlegm, បំបាត់ការក្អក;","ລະລາຍຂີ້ເຫຍື້ອ, ບັນເທົາໄອ;",ချွေးကို အရည်ပျော်စေ၊ ချောင်းသက်သာစေ;,溶解痰，缓解咳嗽;
ลดหวัด ไข้ ไอ,A,"Reduce colds, fevers, coughs.",កាត់បន្ថយជំងឺផ្តាសាយ គ្រុនក្តៅ ក្អក។,"ລົດໄຂ້ຫວັດ, ໄຂ້, ໄອ.",အအေးမိခြင်း၊ အဖျားခြင်း၊ ချောင်းချောင်းခြင်းတို့ကို လျော့နည်းစေပါ။,减少感冒、发烧和咳嗽。
บรรเทาอาการไอ ละลายเสมหะ,A,Relieves cough and dissolves phlegm.,បំបាត់ការក្អក និងរំលាយ phlegm ។,ບັນເທົາໄອແລະລະລາຍຂີ້ເຫຍື້ອ.,ချောင်းဆိုးသက်သာစေပြီး ချွေးကို အရည်ပျော်စေသည်။,缓解咳嗽，溶解痰。
แก้แพ้ ลดน้ำมูก ผื่นคัน,A,"Antihistamines, reduce nasal discharge, rashes.","ថ្នាំ Antihistamines, កាត់បន្ថយការហូរច្រមុះ, កន្ទួល។","ຢາ ແກ້ ໄຂ ຮີ ສະ ຕາ ມິນ, ຫລຸດ ນ້ໍາ ໄຫລ ດັງ, ຜິວ ຫນັງ.",ဟစ္စတာမင်းတိုက်ဖျက်ဆေး၊ နှာခေါင်းရည်ကို လျော့နည်းစေခြင်း၊ အဖုအဖုများ။,抗组胺药，减少鼻涕和皮疹。
ลดคลื่นไส้ อาเจียน ปรับลำไส้,A,"Reduce nausea, vomiting, and adjust the intestines.",កាត់បន្ថយចង្អោរ ក្អួត និងកែតម្រូវពោះវៀន។,ຫລຸດຜ່ອນອາການປຸ້ນທ້ອງ ອາການຮາກ ແລະປັບປຸງໄຂ່ຫລັງ.,အန်အန်ခြင်းတို့ကို လျော့နည်းစေပြီး အူလမ်းကြောင်းကို ပြုပြင်ပေးပါ။,减少恶心、呕吐，并调整肠道。
รักษาอาการติดเชื้อราที่หู,A,Treat ear fungal infections,ព្យាបាលការឆ្លងមេរោគផ្សិតត្រចៀក,ປິ່ນປົວການຕິດເຊື້ອເຊື້ອເຫັດໃນຫູ,နားမှိုကူးစက်ရောဂါကို ကုသပါ,治疗耳部真菌感染
แก้แพ้,A,Allergies,អាឡែហ្សី,ອາການແພ້,ဓာတ်မတည့်ခြင်း,过敏症
รักษาผิวหนังอักเสบและเชื้อแบคทีเรีย,A,Treatment of dermatitis and bacterial infections,ការព្យាបាលជំងឺរលាកស្បែក និងការឆ្លងមេរោគបាក់តេរី,ການປິ່ນປົວພະຍາດຜິວຫນັງ ແລະ ການຕິດເຊື້ອບັກເຕເຣຍ,အရေပြားရောင်ရမ်းနာနှင့် ဗက်တီးရီးယားကူးစက်ရောဂါကုသမှု,治疗皮炎和细菌感染
รักษาผิวหนังอักเสบและเชื้อรา,A,Treatment of dermatitis and fungus,ការព្យាបាលជំងឺរលាកស្បែកនិងផ្សិត,ການປິ່ນປົວພະຍາດຜິວຫນັງແລະເຊື້ອເຫັດ,အရေပြားရောင်ရမ်းနာနှင့် မှိုကုသမှု,皮炎和真菌的治疗
รักษาอาการคันจากเชื้อราและผิวหนังแข็ง,A,Treats itching from fungus and hard skin,ព្យាបាលការរមាស់ពីផ្សិត និងស្បែករឹង,ປິ່ນປົວຄວາມคันຈາກເຊື້ອເຫັດແລະຜິວຫນັງແຂງ,မှိုနှင့် အရေပြားမာကျောခြင်းကြောင့် ယားယားခြင်းကို ကုသပေးသည်,治疗真菌和硬皮引起的瘙痒
รักษาท้องเสีย ปวดท้อง จุกเสียด,A,"Treat diarrhea, abdominal pain, colic.",ព្យាបាលរាគ ឈឺពោះ ឈឺចាប់។,"ປິ່ນປົວອາການຖອກທ້ອງ, ເຈັບທ້ອງ, ໂຄລິກ.",ဝမ်းလျှောခြင်း၊ ဝမ်းဗိုက်နာကျင်ခြင်း၊ ဝမ်းဗိုက်ခြင်းကို ကုသပါ။,治疗腹泻、腹痛和肠绞痛。
รักษาโรคกระเพาะ ปรับลำไส้,A,Treatment of gastritis Adjusts the intestines.,ការព្យាបាលជំងឺរលាកក្រពះ លៃតម្រូវពោះវៀន។,ການປິ່ນປົວພະຍາດອັກເສບ ປັບປຸງໄຂ່ຫລັງ.,အစာအိမ်ရောင်ရောဂါ ကုသမှု အူကို ညှိပေးသည်။,胃炎治疗调节肠道。
ดูดซับสารพิษ รักษาท้องเสีย,A,absorbs toxins; Treatment of diarrhea,ស្រូបយកជាតិពុល; ការព្យាបាលជំងឺរាគ,ດູດຊຶມສານພິດ; ການປິ່ນປົວພະຍາດຖອກທ້ອງ,အဆိပ်အတောက်များကို စုပ်ယူ; ဝမ်းလျှောရောဂါကုသခြင်း,吸收毒素;腹泻治疗
ฆ่าเชื้อราที่หู,A,Ear fungicide,ថ្នាំសំលាប់មេរោគត្រចៀក,ຢາຂ້າເຊື້ອເຫັດຫູ,နားမှိုသတ်ဆေး,耳杀菌剂
แก้ปวด ลดอักเสบ ลดไข้,A,"Relieves pain, reduces inflammation Reduce fever",បំបាត់ការឈឺចាប់ កាត់បន្ថយការរលាក កាត់បន្ថយគ្រុនក្តៅ,"ບັນເທົາຄວາມເຈັບປວດ, ຫລຸດຜ່ອນການອັກເສບ ລົດໄຂ້",နာကျင်မှုကို သက်သာစေပြီး ရောင်ရမ်းမှုကို လျော့နည်းစေ အဖျားလျော့နည်း,缓解疼痛，减少炎症退烧
ลดกลิ่นปากและไอจากการคันคอ,A,Reduces bad breath and cough from itchy throat.,កាត់បន្ថយដង្ហើមមិនល្អ និងក្អកពីរមាស់បំពង់ក។,ລົດກິ່ນຫອມແລະໄອຈາກຄໍ.,လည်ချောင်းယားခြင်းမှ ခံတွင်းအနံ့နှင့် ချောင်းဆိုးခြင်းကို လျော့နည်းစေသည်။,减少口臭和因喉咙瘙痒引起的咳嗽。
ยั้บยั้งแบคทีเรีย ลดกลิ่นปากและไอจากการคันคอ,A,Inhibits bacteria and reduces bad breath and cough from itchy throat.,ទប់ស្កាត់បាក់តេរី និងកាត់បន្ថយក្លិនដង្ហើម និងក្អកពីការរមាស់បំពង់ក។,ຢັບຢັ້ງບັກເຕເຣຍແລະລົດກິ່ນຫອມແລະໄອຈາກຄໍ.,ဘက်တီးရီးယားကို တားဆီးပြီး လည်ချောင်းယားခြင်းမှ ခံတွင်းအနံ့နှင့် ချောင်းဆိုးခြင်းကို လျော့နည်းစေသည်။,抑制细菌，减少口臭和因喉咙瘙痒引起的咳嗽。
ลดอาการอักเสบในโพรงจมูก,A,Reduces inflammation in the nasal cavity.,កាត់បន្ថយការរលាកនៅក្នុងប្រហោងច្រមុះ។,ຫລຸດຜ່ອນການອັກເສບໃນຊ່ອງດັງ.,နှာခေါင်းခေါင်းထဲရှိ ရောင်ရမ်းမှုကို လျော့နည်းစေသည်။,减少鼻腔炎症。
รักษาอาการอักเสบของทางเดินหายใจ,A,Treatment of inflammation of the respiratory tract,ការព្យាបាលការរលាកនៃផ្លូវដង្ហើម,ການປິ່ນປົວການອັກເສບຂອງລະບົບຫາຍໃຈ,အသက်ရှူလမ်းကြောင်း ရောင်ရမ်းခြင်းကို ကုသခြင်း,呼吸道炎症的治疗
คลายกังวล,A,Relieve worries,បំបាត់ការព្រួយបារម្ភ,ບັນເທົາຄວາມກັງວົນ,စိုးရိမ်ပူပန်မှုများကို သက်သာစေပါ,减轻忧虑
ยาคลายกังวล,A,Anxiety medication,ថ្នាំបំបាត់ការថប់បារម្ភ,ຢາຄວາມກະວົນກະວາຍ,စိုးရိမ် ပူပန် မှု ဆေးဝါး,抗焦虑药物
ลดกรด ลดอาการจุกเสียด แน่นท้อง ปวดท้อง,A,"Reduce acid Reduce colic, abdominal tightness, abdominal pain.","កាត់បន្ថយអាស៊ីត កាត់បន្ថយការឈឺចាប់, តឹងពោះ, ឈឺពោះ។","ຫລຸດຜ່ອນ acid ລົດຄວາມເຈັບປວດ, ເຈັບທ້ອງ, ເຈັບທ້ອງ.",အက်ဆစ်ကို လျှော့ချပါ ဝမ်းဗိုက်တင်းကျပ်ခြင်း၊ ဝမ်းဗိုက်နာကျင်မှုကို လျော့နည်းစေပါ။,减少酸性减轻肠绞痛、腹部紧绷感和腹痛。
วิตามิน อาหารเสริม,A,Vitamins and Supplements,វីតាមីន និងអាហារបំប៉ន,ວິຕະມິນ ແລະ ອາຫານເພີ່ມເຕີມ,ဗီတာမင်များနှင့် ဖြည့်စွက်ဆေးများ,维生素与补充剂
ระบายท้อง ช่วยขับถ่าย,A,Drain the stomach Helps with bowel movements,បង្ហូរក្រពះ ជួយចលនាពោះវៀន,ຖອກທ້ອງອອກ ຊ່ວຍໃນການເຄື່ອນໄຫວຂອງທ້ອງ,အစာအိမ်ကို ထုတ်ပစ်ပါ အူ လှုပ်ရှား မှု ကို ကူညီ ပေး,排空胃有助于排便
ลดแสบ ปวด จุกเสียดท้อง,A,"Reduce burning, pain, and colic.","កាត់បន្ថយការដុត, ការឈឺចាប់, និង colic.","ຫລຸດຜ່ອນການເຜົາໄຫມ້, ຄວາມເຈັບປວດ ແລະ ຄວາມເຈັບປວດ.",မီးလောင်ခြင်း၊ နာကျင်မှုနှင့် ဝမ်းဗိုက်ခြင်းကို လျော့နည်းစေပါ။,减轻灼烧感、疼痛和肠绞痛。
ปรับลำไส้ รักษาท้องเสีย,A,Adjust the intestines and treat diarrhea.,កែតម្រូវពោះវៀន និងព្យាបាលជំងឺរាគ។,ປັບ ໄຂ່ ແລະ ປິ່ນປົວ ອາການ ຖອກທ້ອງ.,အူလမ်းကြောင်းကို ညှိပေးပြီး ဝမ်းလျှောခြင်းကို ကုသပါ။,调整肠道并治疗腹泻。
ขับลม,A,Expel air,បណ្តេញខ្យល់ចេញ,ຂັບໄລ່ອາກາດ,လေကို ထုတ်ပစ်ပါ,排气
ขับลม จุกแน่น ,A,"Expelling air, tight cork.","ការបណ្តេញចេញខ្យល់, cork តឹង។","ອາກາດໄຫຼອອກ, cork ແຫນ້ນ.",လေထုတ်ခြင်း၊ တင်းကျပ်သောဖော့ဆို့။,排出空气，紧闭软木塞。
โปรตีนไข่ขาว,A,Egg white protein,ប្រូតេអ៊ីនស៊ុត,ໂປຣຕີນຂາວໄຂ່,ကြက်ဥဖြူ ပရိုတင်း,蛋白蛋白
แก้แพ้ เมารถ  ช่วยให้หลับ,A,"Anti-allergy, motion sickness, help you fall asleep.","Anti-allergy, motion sickness, ជួយអ្នកឱ្យគេងលក់។","Anti-allergy, motion sickness, ຊ່ວຍໃຫ້ເຈົ້ານອນຫຼັບ.",ဓာတ်မတည့်ခြင်း၊ လှိုင်းမူးခြင်း၊ အိပ်ပျော်စေသည်။,抗过敏、晕动症，还能帮你入睡。
ฆ่าเชื้อสิวอักเสบ,A,Kills inflammatory acne,សម្លាប់ស្បែករលាក,ຂ້າສິວອັກເສບ,ရောင်ရမ်း သော ဝက်ခြံ ကို သေ စေ,能杀死炎症性痤疮
ฆ่าเชื้อรา,A,Fungicide,ថ្នាំសំលាប់ផ្សិត,ຢາຂ້າເຊື້ອເຫັດ,မှိုသတ်ဆေး,杀菌剂
แก้เวียนหัว น้ำในหู หูอื้อ,A,"Relieves dizziness Watering in the ears, tinnitus.","បំបាត់ការវិលមុខ ទឹកក្នុងត្រចៀក, tinnitus.","ບັນເທົາຄວາມເບື່ອຫນ່າຍ ຫົດ ນ້ໍາ ໃສ່ ຫູ, ຫູ ຫູ.",မူးယစ်ခြင်းကို သက်သာစေ နားထဲမှာ ရေလောင်းခြင်း၊ နားကြားခြင်း။,缓解头晕耳朵流水，耳鸣。
แก้แพ้  น้ำมูก จาม คันตา ผื่นคัน,A,"Allergies, runny nose, sneezing, itchy eyes, rash","អាឡែហ្ស៊ី, ច្រមុះ, កណ្តាស់, រមាស់ភ្នែក, កន្ទួល","ອາການແພ້, ນໍ້າໄຫຼ, ຈາມ, ຕາເຈັບ, ຜິວຫນັງ",ဓာတ်မတည့်ခြင်း၊ နှာခေါင်းစီးခြင်း၊ နှာချေခြင်း၊ မျက်လုံးယားခြင်း၊ အဖုအဖု,过敏、流鼻涕、打喷嚏、眼睛痒、皮疹
ยาโรควิตกกังวล,A,Anxiety Disorder Medications,ថ្នាំជំងឺថប់បារម្ភ,ຢາປິ່ນປົວພະຍາດກະວົນກະວາຍ,စိုးရိမ် ပူပန် မှု ရောဂါ ဆေးဝါး များ,焦虑症药物
แก้เมารถ เมาเรือ,A,Relieve motion sickness and seasickness.,បំបាត់ជំងឺចលនា និងជំងឺសមុទ្រ។,ບັນເທົາຄວາມເຈັບປ່ວຍແລະເມົາເຮືອ.,လှိုင်းမူးခြင်းနှင့် လှိုင်းမူးခြင်းတို့ကို သက်သာစေပါ။,缓解晕车和晕船。
แก้วิงเวียนศรีษะ,A,Kaewing Ning Dien Si,កៃវីង នីង ឌីនស៊ី,Kaewing Ning Dien Si,ကေဝင်နင်း ဒီယန်စီ,凯英宁丁思
รักษาหูอื้อ,A,Tinnitus treatment,ការព្យាបាល Tinnitus,ການປິ່ນປົວຫູຫູ,အကြားနာကုသမှု,耳鸣治疗
รักษาผมร่วง,A,Hair loss treatment,ការព្យាបាលការជ្រុះសក់,ການປິ່ນປົວການສູນເສຍຜົມ,ဆံပင်ကျွတ်ခြင်းကုသမှု,脱发治疗
ขยายหลอดลม,A,Dilate the trachea.,ពង្រីក trachea ។,ຂະຫຍາຍ trachea.,လေပြွန်ကို ကျယ်စေပါ။,扩张气管。
บรรเทาอาการหอบหืด,A,Relieves asthma symptoms,បំបាត់រោគសញ្ញាជំងឺហឺត,ບັນເທົາອາການຫອມ,နာကျင်ရောဂါလက္ခဏာများကို သက်သာစေပါ,缓解哮喘症状
ลดอาการเจ็บคอ,A,Reduces sore throat,កាត់បន្ថយការឈឺបំពង់ក,ລົດຄວາມເຈັບຄໍ,လည်ချောင်းနာကို လျော့နည်းစေ,减轻喉咙痛
ลดความดันโลหิตสูง,A,Reduces high blood pressure,កាត់បន្ថយសម្ពាធឈាមខ្ពស់,ລົດຄວາມດັນເລືອດສູງ,သွေးတိုးခြင်းကို လျှော့ချ,降低高血压
รักษาโรคเบาหวาน,A,Diabetes treatment,ការព្យាបាលជំងឺទឹកនោមផ្អែម,ການປິ່ນປົວພະຍາດเบาหวาน,ဆီးချိုရောဂါကုသမှု,糖尿病治疗
ช่วยให้นอนหลับ,A,Helps sleep,ជួយគេង,ຊ່ວຍນອນຫຼັບ,အိပ်ပျော်စေတယ်,有助于睡眠
รักษาโรคเก๊าท์,A,Treatment of gout,ការព្យាបាលជំងឺgout,ການປິ່ນປົວພະຍາດໂຣຄາ,နာကျင်ရောဂါကုသမှု,痛风治疗
รักษาต่อมลูกหมาก,A,Prostate treatment,ការព្យាបាលក្រពេញប្រូស្តាត,ການປິ່ນປົວ Prostate,ပရိုစတိတ် ကုသ မှု,前列腺治疗
แก้ปวดปลายประสาท,A,Relieves nerve ending pain,បំបាត់ការឈឺចាប់បញ្ចប់សរសៃប្រសាទ,ບັນເທົາຄວາມເຈັບປວດທີ່ສິ້ນສຸດຂອງປະສາດ,နဗ်ကြောအဆုံးသတ်နာကျင်မှုကို သက်သာစေပါ,缓解神经末梢疼痛
ปรับสมดุลช่องคลอด,A,Balance the vagina.,តុល្យភាពទ្វារមាស។,ໃຫ້ ຄວາມ ສົມ ດຸນ ຂອງ ຊ່ອງ ວ່າງ.,ယောဝကို ဟန်ချက်ညီစေပါ။,平衡阴道。
รักษาสิว,A,Acne treatment,ការព្យាបាលស្បែក,ການປິ່ນປົວສິວ,ဝက်ခြံကုသမှု,痤疮治疗
รักษารอยแผลเป็น,A,Scar treatment,ការព្យាបាលស្លាក,ການປິ່ນປົວຮອຍແຜ,အမာရွတ်ကုသမှု,疤痕治疗
ประจำเดือนมาไม่ปกติ,A,Menstruation is irregular.,ការមករដូវគឺមិនទៀងទាត់។,ປະຈໍາເດືອນບໍ່ເປັນປົກກະຕິ.,ရာသီလာခြင်းသည် ပုံမှန်မဟုတ်ချေ။,月经不规律。
ฆ่าเชื้อในช่องปาก,A,Oral disinfection,ការសំលាប់មេរោគតាមមាត់,ການຂ້າເຊື້ອພະຍາດໃນປາກ,ခံတွင်း ပိုးသတ်ဆေး,口腔消毒
ขยายหลอดลม และขับเสมหะ,A,Dilates the bronchi and expels phlegm.,ពង្រីក bronchi និងបណ្តេញចេញ phlegm ។,ຂະຫຍາຍປອດແລະຂັບຂີ້ເຫຍື້ອອອກ.,အဆောက်အအုံကို ကျယ်စေပြီး ချွေးကို ထုတ်ပစ်သည်။,扩张支气管并排出痰。
บรรเทาอาการไอ ระคายเคืองคอ,A,Relieves cough and throat irritation.,បំបាត់ការក្អក និងរលាកបំពង់ក។,ບັນເທົາໄອແລະລໍາຄໍ.,ချောင်းချောင်းနှင့် လည်ချောင်းယားယားခြင်းကို သက်သာစေသည်။,缓解咳嗽和喉咙刺激。
บรรเทาอาการไอ ลดไข้ น้ำมูก,A,"Relieves cough, reduces fever, nasal discharge.",បំបាត់ការក្អក កាត់បន្ថយគ្រុនក្តៅ ទឹកច្រមុះ។,"ບັນເທົາໄອ, ລົດໄຂ້, ໄຫຼອອກດັງ.",ချောင်းချောင်းသက်သာစေ၊ အဖျားလျော့နည်းစေ၊ နှာခေါင်းရည်ထွက်စေတယ်။,止咳，退烧，鼻涕。
บรรเทาอาการหวัด คัดจมูก,A,Relieves cold symptoms and nasal congestion.,បំបាត់រោគសញ្ញាផ្តាសាយ និងការកកស្ទះច្រមុះ។,ບັນເທົາອາການໄຂ້ຫວັດແລະອັດດັງ.,အအေးမိခြင်းလက္ခဏာများနှင့် နှာခေါင်းပိတ်ခြင်းကို သက်သာစေသည်။,缓解感冒症状和鼻塞。
สำหรับฉีดเข้าเส้นเลือด,A,For intravenous injection,សម្រាប់ការចាក់តាមសរសៃឈាមវ៉ែន,ໃຊ້ສໍາລັບການສັກຢາທາງເສັ້ນເລືອດ,အကြော ထိုး သွင်း ခြင်း အတွက်,用于静脉注射
เสริมวิตามินบี,A,Supplement with B vitamins,បំប៉នវីតាមីន B,ເພີ່ມເຕີມດ້ວຍວິຕະມິນ B,ဗီတာမင်ဘီ ဖြည့်စွက်ခြင်း,补充B族维生素
บำรุงโลหิต,A,Blood nourishment,ការចិញ្ចឹមឈាម,ການບໍາລຸງລ້ຽງ,သွေးအာဟာရ,血液营养
ละลายเสมหะ,A,dissolves phlegm;,រំលាយ phlegm;,ລະລາຍຂີ້ເຫຍື້ອ;,ချွေးကို အရည်ပျော်စေတယ်။,溶解痰液;
เจริญอาหาร,A,Appetite,ចំណង់អាហារ,ຄວາມຢາກອາຫານ,ခံတွင်း,食欲
แก้แพ้ผื่นคัน,A,"Allergic to rashes, itching.","អាឡែហ្ស៊ីទៅនឹងកន្ទួល, រមាស់។","ມີອາການແພ້ຕໍ່ຜິວຫນັງ, ເຈັບປວດ.",အဖုအဖု၊ ယားယားခြင်းကို ဓာတ်မတည့်ပါ။,对皮疹过敏，瘙痒。
ลดน้ำมูก แพ้อากาศ,A,Reduce nasal discharge and air allergies,កាត់បន្ថយការហូរច្រមុះ និងអាឡែហ្ស៊ីខ្យល់,ຫລຸດຜ່ອນນໍ້າໄຫຼອອກຈາກດັງແລະອາການແພ້ໃນອາກາດ,နှာခေါင်းရည်ထွက်ခြင်းနှင့် လေဓာတ်မတည့်ခြင်းကို လျော့နည်းစေပါ,减少鼻涕和空气过敏
บรรเทาอาการคัดจมูก,A,Relieves nasal congestion,បំបាត់ការកកស្ទះច្រមុះ,ບັນເທົາຄວາມອັດດັງດັງ,နှာခေါင်းပိတ်ခြင်းကို သက်သာစေ,缓解鼻塞
แก้ไอ ละลายเสมหะ,A,"Cough relief, phlegm dissolution",ការបំបាត់ក្អក ការរំលាយ phlegm,"ບັນເທົາໄອ, ຂີ້ເຫຍື້ອລະລາຍ",ချောင်းသက်သာစေ၊ ချွေးပြေသွားခြင်း,止咳，祛痰
แก้ไอ ขับเสมหะ,A,"Cough relief, expectorant","ការបំបាត់ក្អក, expectorant","ບັນເທົາໄອ, ຢາເສບຕິດ",ချောင်းဆိုးသက်သာစေခြင်း၊ အကျပ်ဆေး,止咳药，放痰剂
ฆ่าเชื้อในทางเดินหายใจ,A,Disinfect the respiratory tract.,សម្លាប់មេរោគផ្លូវដង្ហើម។,ຂ້າເຊື້ອພະຍາດທາງເດີນຫາຍໃຈ.,အသက်ရှူလမ်းကြောင်းကို ပိုးသတ်ပါ။,消毒呼吸道。
ลดไข้ บรรเทาอาการปวด,A,Reduce fever and relieve pain,កាត់បន្ថយគ្រុនក្តៅ និងបំបាត់ការឈឺចាប់,ລົດໄຂ້ແລະບັນເທົາຄວາມເຈັບປວດ,အဖျားလျော့နည်းစေပြီး နာကျင်မှုကို သက်သာစေပါ,退烧缓解疼痛
ช่วยให้ปากสะอาด,A,Helps keep your mouth clean,ជួយរក្សាមាត់របស់អ្នកឱ្យស្អាត,ຊ່ວຍຮັກສາປາກໃຫ້ສະອາດ,သင့်ပါးစပ်ကို သန့်ရှင်းစေပါ,有助于保持口腔清洁
ที่ตรวจการตั้งครรภ์,A,Pregnancy Tests,ការធ្វើតេស្តការមានផ្ទៃពោះ,ການທົດສອບການຖືພາ,ကိုယ်ဝန်ဆောင်စမ်းသပ်မှုများ,孕检
หูชั้นกลางอักเสบ,A,otitis media,ប្រព័ន្ធផ្សព្វផ្សាយជំងឺរលាកត្រចៀក,Otitis Media,အကြားအာရုံရောင်ရမ်းနာ,中耳炎
แก้ท้องเสีย,A,Relieves diarrhea,បំបាត់ជំងឺរាគ,ບັນເທົາອາການຖອກທ້ອງ,ဝမ်းလျှောခြင်းကို သက်သာစေ,缓解腹泻
รักษาตาติดเชื้อ,A,Treat infected eyes,ព្យាបាលភ្នែកដែលឆ្លងមេរោគ,ປິ່ນປົວຕາທີ່ຕິດເຊື້ອ,ရောဂါကူးစက်နေသောမျက်လုံးများကို ကုသပါ,治疗感染眼部
ป้องกันความเสื่อมของเลนส์ตา ,A,prevents deterioration of the lens of the eye;,ការពារការខូចខាតនៃកញ្ចក់ភ្នែក;,ປ້ອງກັນຄວາມເສື່ອມໂຊມຂອງແວ່ນຕາ;,မျက်လုံးမှန်ဘီလူးယိုယွင်းခြင်းကို ကာကွယ်ပေးသည်။,防止眼睛晶状体的退化;
ลดความดันในตา,A,Reduces pressure in the eyes.,កាត់បន្ថយសម្ពាធនៅក្នុងភ្នែក។,#CONNECT!,မျက်လုံးဖိအားကို လျော့နည်းစေတယ်။,降低眼睛内的压力。
ต้อกระจก,A,Cataracts,ជំងឺបេះដូង,ພະຍາດແກ້ວ,အတွင်းတိမ်,白内障
ฆ่าเชื้อทางเดินปัสสาวะ,A,Disinfect the urinary tract.,សម្លាប់មេរោគលើផ្លូវបង្ហូរទឹកនោម។,ຂ້າເຊື້ອພະຍາດທາງເດີນ.,ဆီးလမ်းကြောင်းကို ပိုးသတ်ပါ။,消毒尿路。
รักษาไซนัสอักเสบ,A,Treatment of sinusitis,ការព្យាបាលជំងឺរលាកច្រមុះ,ການປິ່ນປົວ sinusitis,အနှောင့်အယှက်ရောင်ရောဂါ ကုသမှု,鼻窦炎的治疗
รักษาอาการคันจากเชื้อรา,A,Treatment of fungal itching,ការព្យាបាលរមាស់ផ្សិត,ການປິ່ນປົວພະຍາດເຊື້ອເຫັດ,မှိုယားခြင်းကုသမှု,真菌瘙痒的治疗
รักษาอาการคันจากเชื้อราและแบคทีเรีย,A,Treats itching caused by fungi and bacteria.,ព្យាបាលការរមាស់ដែលបណ្តាលមកពីផ្សិត និងបាក់តេរី។,ປິ່ນປົວຄວາມອັດສະຈັນທີ່ເກີດຈາກເຊື້ອເຫັດແລະບັກເຕເຣຍ.,မှိုနှင့် ဘက်တီးရီးယားတို့ကြောင့် ဖြစ်ပေါ်လာသော ယားယားခြင်းကို ကုသပေးသည်။,治疗由真菌和细菌引起的瘙痒。
ลดบวม ลดอักเสบ,A,Reduce swelling Reduce inflammation,កាត់បន្ថយការហើម កាត់បន្ថយការរលាក,ຫລຸດຜ່ອນການພອງ ຫລຸດຜ່ອນການອັກເສບ,ရောင်ရမ်းခြင်းကို လျော့နည်းစေပါ ရောင်ရမ်းမှုကို လျှော့ချပါ,减轻肿胀减少炎症
เลื่อนประจำเดือน,A,Postponement of menstruation,ការពន្យារពេលនៃការមករដូវ,ເລື່ອນປະຈໍາເດືອນ,ရာသီလာချိန်ရွှေ့ဆိုင်းခြင်း,月经推迟
เยื่อหุ้มสมองอักเสบ,A,Meningitis,ជំងឺរលាកសួត,Meningitis,ဦးနှောက်ရောင်ရောဂါ,脑膜炎
ฆ่าเชื้อที่ผิวหนัง,A,Disinfects the skin.,សម្លាប់មេរោគស្បែក។,ທໍາ ລາຍ ຜິວ ຫນັງ.,အရေပြားကို ပိုးသတ်ဆေးပေးသည်။,消毒皮肤。
รักษาช่องคลอดติดเชื้อ,A,Treatment of vaginal infections,ការព្យាបាលការឆ្លងមេរោគទ្វារមាស,ການປິ່ນປົວການຕິດເຊື້ອໃນຊ່ອງ,vagina ကူးစက်ရောဂါကုသမှု,阴道感染的治疗
เสริมแคลเซียม,A,Calcium supplementation,អាហារបំប៉នកាល់ស្យូម,ການເພີ່ມເຕີມ calcium,ကယ် လီ ယံ ဓာတ် ဖြည့်စွက် ခြင်း,钙补充
ลดกรด ขับลม ,A,"Reduce acid, expel wind.",កាត់បន្ថយអាស៊ីត បណ្តេញខ្យល់ចេញ។,"ລົດກົດ, ຂັບໄລ່ລົມອອກ.",အက်ဆစ်လျှော့ချ၊ လေကို ထုတ်ပစ်ပါ။,减少酸液，排风。
ลดอาการแสบท้องและหลอดอาหาร,A,Reduces abdominal and esophageal burning.,កាត់បន្ថយការដុតពោះ និងបំពង់អាហារ។,ຫລຸດຜ່ອນການເຜົາໄຫມ້ໃນທ້ອງ ແລະ ລະບົບອາຫານ.,ဝမ်းဗိုက်နှင့် အစာခေါင်းပူလောင်မှုကို လျော့နည်းစေသည်။,减少腹部和食管灼烧感。
แก้ปวดกระเพาะปัสสาวะ,A,relieves bladder pain;,បំបាត់ការឈឺចាប់ប្លោកនោម;,ບັນເທົາຄວາມເຈັບປວດໃນຖົງທ້ອງ;,ဆီးအိမ်နာကျင်မှုကို သက်သာစေသည်။,缓解膀胱疼痛;
เพิ่มจุลินทรีย์ในลำไส้ และทางเดินปัสสาวะ,A,Increase the microflora in the intestines and urinary tract.,បង្កើន microflora នៅក្នុងពោះវៀន និងផ្លូវបង្ហូរទឹកនោម។,ເພີ່ມຈຸລິນຊີໃນลําไส้ ແລະ ທາງເດີນ.,အူနှင့် ဆီးလမ်းကြောင်းတွင် အဏုဇီဝပိုးမွှားများကို တိုးများစေပါ။,增加肠道和泌尿道的微生物群。
เพิ่มกากใย ช่วยให้ระบาย,A,Increase fiber to help drain.,បង្កើនជាតិសរសៃដើម្បីជួយបង្ហូរទឹក។,ເພີ່ມເສັ້ນໃຍເພື່ອຊ່ວຍລະບາຍນໍ້າ.,အမျှင်ကို တိုးမြှင့်ပေးပါ။,增加纤维有助于排水。
ท้องเสีย จุกเสียด,A,"Diarrhea, colic.","រាគ, colic.","ຖອກທ້ອງ, ໂສກເສົ້າ.",ဝမ်းလျှောခြင်း၊ ဝမ်းလျှောခြင်း။,腹泻，肠绞痛。
ยาคุมกำเนิด,A,Birth control pills,ថ្នាំពន្យារកំណើត,ຢາຄຸມກໍາເນີດ,သန္ဓေတားဆေး,避孕药
ระงับความอยากบุหรี่,A,Suppressing the craving for cigarettes,ទប់ស្កាត់ចំណង់បារី,ລະງັບຄວາມຢາກສູບຢາ,စီးကရက်သောက်ချင်စိတ်ကို ထိန်းချုပ်ခြင်း,抑制对香烟的渴望
เพิ่มความชุ่มชื้นในโพรงจมูก ,A,Increases moisture in the nasal cavity.,បង្កើនសំណើមនៅក្នុងប្រហោងច្រមុះ។,ເພີ່ມຄວາມຊຸ່ມເຢັນໃນຊ່ອງດັງ.,နှာခေါင်းခေါင်းထဲတွင် အစိုဓာတ်တိုးများစေသည်။,增加鼻腔湿度。
ช่วยลดกลิ่นปาก ชุ่มคอ,A,Helps reduce bad breath and moisten the throat,ជួយកាត់បន្ថយការដកដង្ហើមមិនល្អ និងផ្តល់សំណើមដល់បំពង់ក,ຊ່ວຍຫລຸດຜ່ອນກິ່ນຫອມແລະເຮັດໃຫ້ຄໍຊຸ່ມ,ခံတွင်းအနံ့ကို လျော့နည်းစေပြီး လည်ချောင်းကို စိုစွတ်စေသည်,有助于减少口臭并润润喉咙
ยั้บยั้งแบคทีเรีย ลดกลิ่นปาก ชุ่มคอ,A,"Inhibits bacteria, reduces bad breath, moistens the throat.",ទប់ស្កាត់បាក់តេរី កាត់បន្ថយក្លិនដង្ហើម សំណើមបំពង់ក។,"ຢັບຢັ້ງບັກເຕເຣຍ, ລົດກິ່ນຫອມ, ເຮັດໃຫ້ຄໍຊຸ່ມ.",ဘက်တီးရီးယားကို တားဆီးပေးပြီး ခံတွင်းအနံ့ကို လျော့နည်းစေပြီး လည်ချောင်းကို စိုစွတ်စေသည်။,抑制细菌，减少口臭，滋润喉咙。
บรรเทาอาการไอ ชุ่มคอ ละลายเสมหะ,A,"Relieves cough, moistens throat, dissolves phlegm.",បំបាត់ការក្អក សំណើមបំពង់ក រំលាយ phlegm ។,"ບັນເທົາໄອ, ປຽກຄໍ, ລະລາຍຂີ້ເຫຍື້ອ.",ချောင်းချောင်းကို သက်သာစေပြီး လည်ချောင်းစိုစေပြီး ချွေးကို အရည်ပျော်စေသည်။,缓解咳嗽，润湿喉咙，溶解痰。
ลดการอักเสบบริเวณช่องปากและลำคอ,A,Reduces inflammation in the mouth and throat,កាត់បន្ថយការរលាកនៅក្នុងមាត់ និងបំពង់ក,ລົດການອັກເສບໃນປາກ ແລະ ຄໍ,ပါးစပ်နှင့် လည်ချောင်းတွင် ရောင်ရမ်းမှုကို လျော့နည်းစေသည်,减少口腔和喉咙的炎症
ขยายหลอดเลือด,A,Dilates blood vessels.,ពង្រីកសរសៃឈាម។,ຂະຫຍາຍເສັ້ນເລືອດ.,သွေးကြောများကို ကျယ်ပြန့်စေသည်။,扩张血管。
ยาคุมฉุกเฉิน,A,Emergency contraceptive pills,ថ្នាំពន្យារកំណើតសង្គ្រោះបន្ទាន់,ຢາຄຸມກໍາເນີດສຸກເສີນ,အရေးပေါ် သန္ဓေတားဆေး,紧急避孕药
ยาต้านเกล็ดเลือด,A,Antiplatelet drugs,ថ្នាំប្រឆាំង platelet,ຢາຕ້ານເລືອດເລືອດ,သွေးကြောတိုက်ဖျက်ဆေးများ,抗血小板药物
บรรเทาอาการบ้านหมุน,A,Relieve spinning house symptoms,បំបាត់រោគសញ្ញាផ្ទះវិល,ບັນເທົາອາການຂອງເຮືອນປິ່ນ,လည်နေသောအိမ်ရောဂါလက္ခဏာများကို သက်သာစေပါ,缓解旋转屋症状
นอนไม่หลับ คลายกังวล,A,"Insomnia, relieve anxiety",ការគេងមិនលក់ បំបាត់ការថប់បារម្ភ,"ນອນບໍ່ຫຼັບ, ບັນເທົາຄວາມກະວົນກະວາຍ",အိပ်မပျော်ခြင်း၊ စိုးရိမ်ပူပန်မှုကို လျော့ပါးစေခြင်း,失眠，缓解焦虑
ขับปัสสาวะ,A,Diuretic,ឌីយ៉ូទិក,ຢາ ປິ່ນປົວ,ဆီးဆေး,利尿剂
ละลายและขับนิ่ว,A,dissolves and expels stones;,រំលាយនិងបណ្តេញថ្ម;,ລະລາຍ ແລະ ຂັບໄລ່ກ້ອນຫີນອອກ;,ကျောက်တုံးများကို အရည်ပျော်စေပြီး ထုတ်ပစ်သည်။,溶解并排出石头;
ป้องกันการทำลายตับ,A,Prevents liver damage,ការពារការខូចខាតថ្លើម,ປ້ອງກັນຄວາມເສຍຫາຍຂອງຕັບ,အသည်း ပျက်စီး ခြင်း ကို တားဆီး,防止肝损伤
โรคหัวใจ,A,Heart disease,ជំងឺបេះដូង,ພະຍາດຫົວໃຈ,နှလုံးရောဂါ,心脏病
ลดไขมันในเลือดสูง,A,Reduce high blood lipids,កាត់បន្ថយជាតិខ្លាញ់ក្នុងឈាមខ្ពស់,ຫລຸດຜ່ອນໄຂມັນໃນເລືອດສູງ,သွေး အဆီ မြင့်မား မှု ကို လျှော့ချ,降低高血脂
ลดคลอเรสเตอรอล,A,Lowers cholesterol,កាត់បន្ថយកូឡេស្តេរ៉ុល,ລົດໂຄເລສະເຕີລ໌,ကိုလက်စထရောကို လျှော့ချ,降低胆固醇
ลดไตรกลีเซอไรด์,A,Reduce triglycerides,កាត់បន្ថយទ្រីគ្លីសេរីដ,ຫລຸດຜ່ອນ triglycerides,ထရိုင်ဂလီစရိတ်ကို လျှော့ချပါ,减少甘油三酯
ปรับฮอร์โมน,A,Adjust hormones,កែសម្រួលអ័រម៉ូន,ປັບຮອກໂມນ,ဟော်မုန်းများကို ညှိပေးပါ,调整激素
กำจัดเหา,A,Get rid of lice,កម្ចាត់ចៃ,ກໍາຈັດໄຂ່,သန်းများကို ဖယ်ရှားပါ,清除虱子
บรรเทาอาการอ่อนเพลีย,A,relieves fatigue;,បំបាត់ភាពអស់កម្លាំង;,ບັນເທົາຄວາມອິດເມື່ອຍ;,မောပန်းနွမ်းနယ်မှုကို သက်သာစေသည်။,缓解疲劳;
ช่วยเสริมการทำงานของสมอง,A,Supports brain function,គាំទ្រមុខងារខួរក្បាល,ສະຫນັບສະຫນູນຫນ້າທີ່ຂອງສະຫມອງ,ဦးနှောက်လုပ်ဆောင်မှုကို ထောက်ပံ့ပေးသည်,支持大脑功能
บำรุงผิวพรรณ,A,Skin Care,ថែរក្សាស្បែក,ການເບິ່ງແຍງຜິວຫນັງ,အရေပြားစောင့်ရှောက်မှု,护肤
เสริมสมรรถภาพทางเพศ ,A,Sexual Enhancement,ការលើកកម្ពស់ផ្លូវភេទ,ການເພີ່ມທະວີທາງເພດ,လိင်ဆိုင်ရာတိုးမြှင့်ခြင်း,性增强
บำรุงผม ผิว เล็บ ชะลอริ้วรอย ลดคลอเรสเตอรอล,A,"Nourishes hair, skin, nails, slows down aging, lowers cholesterol.",ចិញ្ចឹមសក់ ស្បែក ក្រចក បន្ថយភាពចាស់ កាត់បន្ថយកូឡេស្តេរ៉ុល។,"ບໍາລຸງຜົມ, ຜິວຫນັງ, ຕະປູ, ຊັກຊ້າຄວາມເຖົ້າແກ່, ລົດໂຄເລສະເຕີລ໌.",ဆံပင်၊ အရေပြား၊ လက်သည်းများကို အာဟာရပေးပြီး အိုမင်းခြင်းကို နှေးကွေးစေပြီး ကိုလက်စထရောကို လျှော့ချပေးသည်။,滋养头发、皮肤、指甲，延缓衰老，降低胆固醇。
ช่วยการเผาผลาญพลังงานให้ดียิ่งขึ้น,A,Helps improve energy metabolism,ជួយបង្កើនការរំលាយអាហារថាមពល,ຊ່ວຍປັບປຸງການປ່ຽນແປງພະລັງງານ,စွမ်းအင် ဇီဝဖြစ်ပွားမှုကို တိုးတက်စေတယ်,有助于改善能量代谢
ฆ่าเชื้อรา,A,Fungicide,ថ្នាំសំលាប់ផ្សិត,ຢາຂ້າເຊື້ອເຫັດ,မှိုသတ်ဆေး,杀菌剂
ฆ่าเชื้อแบคทีเรีย,A,Bactericidal,បាក់តេរី,ຢາຂ້າບັກເຕເຣຍ,ဗက်တီးရီးယားသတ်ဆေး,杀菌剂
เสริมธาตุเหล็ก,A,Iron Supplement,អាហារបំប៉នជាតិដែក,ເຫຼັກເພີ່ມເຕີມ,သံဖြည့်စွက်ဆေး,铁补充剂
บรรเทาอาการปวดเกร็งท้อง,A,relieves abdominal cramps;,បំបាត់ការរមួលក្រពើពោះ;,ບັນເທົາຄວາມເຈັບປວດໃນທ້ອງ;,ဝမ်းဗိုက်ကြောခြင်းကို သက်သာစေသည်။,缓解腹部痉挛;
แก้จุกเสียด แน่นท้อง ขับลม ,A,"Relieves colic, abdominal tightness, and flatulence.",បំបាត់ការឈឺចាប់ តឹងពោះ និងហើមពោះ។,"ບັນເທົາອາການເຈັບປວດ, ເຈັບທ້ອງ ແລະ ອາການອາຫານ.",ဝမ်းဗိုက်တင်းကျပ်ခြင်းနှင့် ဗိုက်ဖောင်းခြင်းကို သက်သာစေသည်။,缓解绞痛、腹部紧绷和。
แก้ท้องอืดท้องเฟ้อ,A,Relieve bloating and flatulence.,បំបាត់ការហើមពោះ និងហើមពោះ។,ບັນເທົາອາການພອງອາຫານແລະອາຫານອາຫານ.,ဖောင်းဖောင်းခြင်းနှင့် ဗိုက်ဖောင်းခြင်းကို သက်သာစေပါ။,缓解腹胀和。
แก้คลื่นไส้ อาเจียน,A,Relieves nausea and vomiting.,បំបាត់ចង្អោរ និងក្អួត។,ບັນເທົາອາການປ້ອງກັນແລະຮາກ.,အန်အန်ခြင်းတို့ကို သက်သာစေသည်။,缓解恶心和呕吐。
บรรเทาอาการตาแห้ง,A,Relieves dry eyes,បំបាត់ភ្នែកស្ងួត,ບັນເທົາຕາແຫ້ງ,မျက်လုံးခြောက်ခြင်းကို သက်သာစေ,缓解干眼症
ล้างตา,A,Wash your eyes.,លាងភ្នែករបស់អ្នក។,ລ້າງຕາ.,မျက်လုံးကို ဆေးကြောပါ။,洗洗眼睛。
บรรเทาอาการระคายเคืองตา,A,relieves eye irritation;,បំបាត់ការរលាកភ្នែក;,ບັນເທົາຄວາມເຈັບປວດຕາ;,မျက်လုံးယားယားခြင်းကို သက်သာစေသည်။,缓解眼睛刺激;
บรรเทาอาการตาแดง,A,relieves redness of the eyes;,បំបាត់ភាពក្រហមនៃភ្នែក;,ບັນເທົາຕາແດງ;,မျက်လုံးနီခြင်းကို သက်သာစေသည်။,缓解眼睛的红肿;
ลดอักเสบ,A,Reduce inflammation,កាត់បន្ថយការរលាក,ຫລຸດຜ່ອນການອັກເສບ,ရောင်ရမ်းမှုကို လျှော့ချပါ,减少炎症
กำจัดขี้หู,A,Earwax removal,ការដកចេញក្រចកត្រចៀក,ການກໍາຈັດຂີ້ເຫຍື້ອຫູ,နားဖြူဖယ်ရှားခြင်း,耳垢清除
บำรุงร่างกาย ,A,Nourishing the body,ចិញ្ចឹមរាងកាយ,ບໍາລຸງລ້ຽງ ຮ່າງກາຍ,ကိုယ်ခန္ဓာကို အာဟာရပေးခြင်း,滋养身体
บรรเทาอาการ เหน็บชา,A,Relieve symptoms of beriberi,បំបាត់រោគសញ្ញានៃជំងឺ beriberi,ບັນເທົາອາການຂອງພະຍາດ beriberi,ငှက်ဖျားရောဂါလက္ခဏာများကို သက်သာစေပါ,缓解脚气病症状
รักษาโรคโลหิตจาง,A,Treatment of anemia,ការព្យាបាលជំងឺស្លេកស្លាំង,ການປິ່ນປົວພະຍາດເລືອດຕົກ,သွေးအားနည်းခြင်းကုသမှု,贫血治疗
บำรุงสายตา,A,Eye care,ថែរក្សាភ្នែក,ການເບິ່ງແຍງຕາ,မျက်လုံးစောင့်ရှောက်မှု,眼科护理
รักษาหนองใน,A,Treatment of gonorrhea,ការព្យាបាលជំងឺ gonorrhea,ການປິ່ນປົວພະຍາດ gonorrhea,ဂနာရောဂါကုသမှု,淋病治疗
ช่วยบำรุงสมอง และความจำ,A,Helps nourish the brain and memory,ជួយបំប៉នខួរក្បាល និងការចងចាំ,ຊ່ວຍບໍາລຸງສະຫມອງແລະຄວາມຊົງຈໍາ,ဦးနှောက်နှင့် မှတ်ဉာဏ်ကို အာဟာရဖြစ်စေ,有助于滋养大脑和记忆力
ลดคลอเรสเตอรอล ลดไขมันอุดตัน บำรุงตับ,A,"Lowers cholesterol Reduce fat clots, nourish the liver.",កាត់បន្ថយកូឡេស្តេរ៉ុល កាត់បន្ថយការកកស្ទះខ្លាញ់ ចិញ្ចឹមថ្លើម។,"ລົດໂຄເລສະເຕີລ໌ ລົດໄຂມັນກ້າມ, ບໍາລຸງລ້ຽງຕັບ.",ကိုလက်စထရောကို လျှော့ချ အဆီခဲများကို လျှော့ချပြီး အသည်းကို အာဟာရပေးပါ။,降低胆固醇减少脂肪凝块，滋养肝脏。
ลดอาการก่อนมีประจำเดือน ช่วยปัญหาวัยทอง,A,Reduce symptoms before menstruation. Help with menopause problems,កាត់បន្ថយរោគសញ្ញាមុនពេលមករដូវ។ ជួយដោះស្រាយបញ្ហាអស់រដូវ,ຫລຸດຜ່ອນອາການກ່ອນມີປະຈໍາເດືອນ. ຊ່ວຍເຫຼືອບັນຫາໄວຮຸ່ນ,ရာသီမလာမီ လက္ခဏာများကို လျှော့ချပါ။ သွေးဆုံး ခြင်း ပြဿနာ များ အတွက် အကူအညီ,在月经前减轻症状。更年期问题的帮助
ช่วยดูแลสุขภาพ ช่องคลอด,A,Helps take care of vaginal health,ជួយថែរក្សាសុខភាពទ្វារមាស,ຊ່ວຍເບິ່ງແຍງສຸຂະພາບທາງຊ່ອງ,vagina ကျန်းမာရေးကို ဂရုစိုက်ပေးသည်,有助于维护阴道健康
ช่วยควบคุมระดับ คลอเรสเตอรอล,A,Helps regulate cholesterol levels,ជួយគ្រប់គ្រងកម្រិតកូឡេស្តេរ៉ុល,ຊ່ວຍຄວບຄຸມລະດັບ cholesterol,ကိုလက်စထရောပမာဏကို ထိန်းညှိပေးသည်,有助于调节胆固醇水平
บำรุงผม เล็บ ช่วยผลิตสเปริ์มให้แข็งแรง,A,"Nourishes hair and nails, helps produce strong sperm.",ចិញ្ចឹមសក់ និងក្រចក ជួយផលិតមេជីវិតឈ្មោលខ្លាំង។,"ບໍາລຸງຜົມແລະເລັບ, ຊ່ວຍຜະລິດນໍ້າເຊື້ອທີ່ແຂງແຮງ.",ဆံပင်နဲ့ လက်သည်းတွေကို အာဟာရပေးပြီး သုက်ပိုးကို ထုတ်လုပ်ပေးတယ်။,滋养头发和指甲，帮助产生强健的精子。
ป้องกันหวัด บำรุงผิวใส,A,Prevent colds and nourish clear skin.,ការពារជំងឺផ្តាសាយ និងចិញ្ចឹមស្បែកស្អាត។,ປ້ອງກັນໄຂ້ຫວັດ ແລະ ບໍາລຸງຜິວຫນັງທີ່ແຈ່ມໃສ.,အအေးမိခြင်းကို ကာကွယ်ပြီး ကြည်လင်သောအရေပြားကို အာဟာရပေးပါ။,预防感冒，滋养清透的肌肤。
ชะลอ และป้องกันการเกิดริ้วรอยแห่งวัย,A,Slow down and prevent the appearance of aging,បន្ថយល្បឿននិងការពារការលេចឡើងនៃភាពចាស់,ຊັກຊ້າ ແລະ ປ້ອງກັນຄວາມເຖົ້າແກ່,နှေးကွေးစေပြီး အိုမင်းခြင်းကို တားဆီးပါ,放慢速度，防止衰老的迹象出现
เสริมภูมิคุ้มกัน บำรุงผิวพรรณ,A,Strengthen immunity and nourish the skin.,ពង្រឹងភាពស៊ាំ និងចិញ្ចឹមស្បែក។,ເສີມສ້າງພູມຕ້ານທານແລະບໍາລຸງຜິວຫນັງ.,ကိုယ်ခံအားကို ခိုင်ခံ့စေပြီး အရေပြားကို အာဟာရပေးပါ။,增强免疫力，滋养皮肤。
บำรุงสตรีมีครรภ์ ก่อนและหลังคลอด,A,Supporting pregnant women before and after giving birth,គាំទ្រស្ត្រីមានផ្ទៃពោះមុន និងក្រោយពេលសម្រាលកូន,ການສະຫນັບສະຫນູນແມ່ຍິງຖືພາກ່ອນ ແລະ ພາຍຫຼັງຄອດລູກ,မီးဖွားမတိုင်မီနှင့် မီးဖွားပြီးနောက် ကိုယ်ဝန်ဆောင်အမျိုးသမီးများကို ထောက်ပံ့ပေးခြင်း,支持孕妇在分娩前后
ทาผิว และ บำรุงผม ,A,Apply to the skin and nourish the hair.,លាបលើស្បែក និងចិញ្ចឹមសក់។,ທາໃສ່ຜິວຫນັງແລະບໍາລຸງຜົມ.,အရေပြားပေါ်လိမ်းပြီး ဆံပင်ကို အာဟာရပေးပါ။,涂抹在皮肤上，滋养头发。
โปรตีนจากไข่ขาว,A,Egg white protein,ប្រូតេអ៊ីនស៊ុត,ໂປຣຕີນຂາວໄຂ່,ကြက်ဥဖြူ ပရိုတင်း,蛋白蛋白
โปรตีนจากถั่วเหลือง,A,Soy protein,ប្រូតេអ៊ីនសណ្តែក,ໂປຣຕີນຖົ່ວ,ပဲပရိုတင်း,大豆蛋白
บำรุงประสาท และ สมอง,A,Supports Nerves and Brain,គាំទ្រសរសៃប្រសាទ និងខួរក្បាល,ສະຫນັບສະຫນູນປະສາດແລະສະຫມອງ,နဗ်ကြောနှင့် ဦးနှောက်ကို ထောက်ပံ့ပေးသည်,支持神经与大脑
บำรุงฮอร์โมนเพศหญิง ลดอาการปวดประจำเดือน,A,Nourishes female hormones and reduces menstrual pain.,ចិញ្ចឹមអ័រម៉ូនស្ត្រី និងកាត់បន្ថយការឈឺចាប់រដូវ។,ບໍາລຸງຮອກໂມນຜູ້ຍິງແລະລົດຄວາມເຈັບປວດໃນປະຈໍາເດືອນ.,အမျိုးသမီးဟော်မုန်းကို အာဟာရပေးပြီး ရာသီလာနာကျင်မှုကို လျော့နည်းစေသည်။,滋养女性激素，减轻月经疼痛。
เสริมสร้างกล้ามเนื้อในร่างกาย,A,strengthens the muscles in the body;,ពង្រឹងសាច់ដុំនៅក្នុងរាងកាយ;,ເສີມສ້າງກ້າມເນື້ອໃນຮ່າງກາຍ;,ကိုယ်ခန္ဓာရှိ ကြွက်သားများကို ခိုင်ခံ့စေသည်။,强化身体肌肉;
บำรุงเลือด,A,nourishes the blood;,ចិញ្ចឹមឈាម;,ບໍາລຸງ ລ້ຽງ ເລືອດ;,သွေးကို အာဟာရပေးတယ်။,滋养血液;
ฆ่าเชื้อไวรัส,A,Disinfects viruses,សំលាប់មេរោគ,ຂ້າເຊື້ອໄວຣັດ,ဗိုင်းရပ်စ်ပိုးများကို ပိုးသတ်ဆေး,消毒病毒
ฆ่าเชื้อในทางเดินอาหาร,A,Disinfects the gastrointestinal tract.,សម្លាប់មេរោគលើផ្លូវក្រពះពោះវៀន។,ຂ້າເຊື້ອພະຍາດທາງເດີນອາຫານ.,အစာအိမ်လမ်းကြောင်းကို ပိုးသတ်ပေးသည်။,消毒胃肠道。
รักษาเริม,A,Herpes treatment,ការព្យាបាលដោយជំងឺហឺត,ການປິ່ນປົວພະຍາດ Herpes,Herpes ကုသမှု,疱疹治疗
รักษางูสวัด,A,Treatment of shingles,ការព្យាបាលជំងឺរលាកសន្លាក់,ການປິ່ນປົວພະຍາດໄຂ້ຫວັດ,အနာကြီးရောဂါ ကုသမှု,带状疱疹的治疗
รักอีสุกอีใส,A,Love chickenpox,ស្រឡាញ់ជំងឺអុតស្វា,ຮັກ ໄຂ້ຫວັດ,ရေကျောက်ရောဂါကို နှစ်သက်ခြင်း,我爱水痘
ลดอาการคันที่ผิวหนัง,A,Reduces itching on the skin.,កាត់បន្ថយការរមាស់នៅលើស្បែក។,ລົດຄວາມອັດສະຈັນຢູ່ເທິງຜິວຫນັງ.,အရေပြားပေါ်တွင် ယားယားခြင်းကို လျော့နည်းစေသည်။,减少皮肤瘙痒。
ลดอาการอักเสบที่ผิวหนัง,A,Reduces skin inflammation,កាត់បន្ថយការរលាកស្បែក,ຫລຸດຜ່ອນການອັກເສບຜິວຫນັງ,အရေပြားရောင်ရမ်းမှုကို လျော့နည်းစေ,减少皮肤炎症
ลดอาการอักเสบจากการแพ้,A,Reduces allergic inflammation,កាត់បន្ថយការរលាកអាឡែហ្ស៊ី,ຫລຸດຜ່ອນການອັກເສບຈາກອາການແພ້,ဓာတ်မတည့်ခြင်းရောင်ရမ်းမှုကို လျော့နည်းစေသည်,减少过敏性炎症
รักษากลาก/เกลื้อน,A,Treat eczema/tinea versicolor.,ព្យាបាលជំងឺស្បែក / tinea versicolor ។,ປິ່ນປົວ eczema/tinea versicolor.,အရေပြား/အကြောရောင်ကို ကုသပါ။,治疗湿疹/五斑癣。
รักษาน้ำกัดเท้า,A,Treatment of foot bite,ការព្យាបាលការខាំជើង,ການປິ່ນປົວຕີນກັດ,ခြေကိုက်ခြင်းကို ကုသခြင်း,脚咬伤的治疗
รักษาแผลไฟไหม้ น้ำร้อนลวก,A,"Treatment of burns, scalds.","ការព្យាបាលការរលាក, ការរលាក។","ການປິ່ນປົວເຜົາໄຫມ້, ຮ້ອນ.",မီးလောင်ခြင်း၊ မီးလောင်ခြင်းကို ကုသခြင်း။,烧伤、烫伤的治疗。
รักษาผิวหนังอักเสบ นูนแข็ง,A,"Treatment of dermatitis, hard bulges.","ការព្យាបាលជំងឺរលាកស្បែក, ហើមរឹង។","ການປິ່ນປົວຜິວຫນັງ, ໂພງແຂງ.",အရေပြားရောင်ရမ်းနာကုသမှု၊ မာကျောဖောင်းခြင်း။,治疗皮炎，硬质肿块。
รักษาตาปลา / หูด,A,Treat Fish Eye / Warts,ព្យាបាលភ្នែកត្រី / Warts,ປິ່ນປົວຕາປາ / ຫູດ,ငါးမျက်လုံးကို ကုသပါ,治疗鱼眼/疣
ลดบวม ฟกช้ำ,A,Reduce swelling and bruises,កាត់បន្ថយការហើម និងស្នាមរបួស,ຫລຸດຜ່ອນ ການ ພອງ ແລະ ບາດ ແຜ,ရောင်ရမ်းခြင်းနှင့် ဒဏ်ရာများကို လျော့နည်းစေပါ,减少肿胀和淤青
รักษาแผลในปาก,A,Treatment of mouth ulcers,ការព្យាបាលដំបៅមាត់,ການປິ່ນປົວຮອຍແຜໃນປາກ,ပါးစပ်အနာကို ကုသခြင်း,口腔溃疡的治疗
คลายกล้ามเนื้อ,A,Relax muscles,បន្ធូរសាច់ដុំ,ຜ່ອນຄາຍກ້າມເນື້ອ,ကြွက်သားများကို ဖြေလျှော့ပေးပါ,放松肌肉
แก้ปอดบวม,A,Relieve pneumonia,បំបាត់ជំងឺរលាកសួត,ບັນເທົາພະຍາດປອດອັກເສບ,အဆုတ်ရောင်ရောဂါကို သက်သာစေပါ,缓解肺炎
แก้ปวดประจำเดือน,A,Relieve menstrual cramps,បំបាត់ការរមួលរដូវ,ບັນເທົາຄວາມເຈັບປວດໃນໄລຍະປະຈໍາເດືອນ,ရာသီလာကျပ်ခြင်းကို သက်သာစေ,缓解经痛
ขับลม,A,Expel air,បណ្តេញខ្យល់ចេញ,ຂັບໄລ່ອາກາດ,လေကို ထုတ်ပစ်ပါ,排气
ฆ่าเชื้อรา,A,Fungicide,ថ្នាំសំលាប់ផ្សិត,ຢາຂ້າເຊື້ອເຫັດ,မှိုသတ်ဆေး,杀菌剂
ฆ่าเชื้อแบคทีเรีย,A,Bactericidal,បាក់តេរី,ຢາຂ້າບັກເຕເຣຍ,ဗက်တီးရီးယားသတ်ဆေး,杀菌剂
บำรุงสายตา,A,Eye care,ថែរក្សាភ្នែក,ການເບິ່ງແຍງຕາ,မျက်လုံးစောင့်ရှောက်မှု,眼科护理
กำจัดขี้หู,A,Earwax removal,ការដកចេញក្រចកត្រចៀក,ການກໍາຈັດຂີ້ເຫຍື້ອຫູ,နားဖြူဖယ်ရှားခြင်း,耳垢清除
เสริมธาตุเหล็ก,A,Iron Supplement,អាហារបំប៉នជាតិដែក,ເຫຼັກເພີ່ມເຕີມ,သံဖြည့်စွက်ဆေး,铁补充剂
ฆ่าเชื้อรา,A,Fungicide,ថ្នាំសំលាប់ផ្សិត,ຢາຂ້າເຊື້ອເຫັດ,မှိုသတ်ဆေး,杀菌剂
กำจัดขี้หู,A,Earwax removal,ការដកចេញក្រចកត្រចៀក,ການກໍາຈັດຂີ້ເຫຍື້ອຫູ,နားဖြူဖယ်ရှားခြင်း,耳垢清除
รักษางูสวัด,A,Treatment of shingles,ការព្យាបាលជំងឺរលាកសន្លាក់,ການປິ່ນປົວພະຍາດໄຂ້ຫວັດ,အနာကြီးရောဂါ ကုသမှု,带状疱疹的治疗
บรรเทาอาการตาแห้ง,A,Relieves dry eyes,បំបាត់ភ្នែកស្ងួត,ບັນເທົາຕາແຫ້ງ,မျက်လုံးခြောက်ခြင်းကို သက်သာစေ,缓解干眼症
เพิ่มจุลินทรีย์ในลำไส้,A,Increases the intestinal microflora.,បង្កើន microflora ពោះវៀន។,ເພີ່ມຈຸລິນຊີໃນลําไส้.,အူလမ်းကြောင်း အဏုဇီဝပိုးမွှားများကို တိုးများစေသည်။,增加肠道微生物群。
ลดไข้ บรรเทาอาการปวด,A,Reduce fever and relieve pain,កាត់បន្ថយគ្រុនក្តៅ និងបំបាត់ការឈឺចាប់,ລົດໄຂ້ແລະບັນເທົາຄວາມເຈັບປວດ,အဖျားလျော့နည်းစေပြီး နာကျင်မှုကို သက်သာစေပါ,退烧缓解疼痛
แก้ไอ,A,Cough relief,ការបំបាត់ក្អក,ບັນເທົາໄອ,ချောင်းဆိုးသက်သာခြင်း,止咳
แก้คลื่นไส้ อาเจียน,A,Relieves nausea and vomiting.,បំបាត់ចង្អោរ និងក្អួត។,ບັນເທົາອາການປ້ອງກັນແລະຮາກ.,အန်အန်ခြင်းတို့ကို သက်သာစေသည်။,缓解恶心和呕吐。
